{
    "rms_error": 3.952759815377888,
    "images_used": 20,
    "camera_matrix": [
        [
            192.60922573563917,
            0.0,
            325.85340987698817
        ],
        [
            0.0,
            191.7865938848724,
            276.03173316248973
        ],
        [
            0.0,
            0.0,
            1.0
        ]
    ],
    "distortion_coefficients": [
        [
            -0.04275189155812785,
            0.004616338249765465,
            -0.015436870390859664,
            0.00461978245454805,
            0.0005368567836919089
        ]
    ],
    "board_config": {
        "inner_corners_cols": 5,
        "inner_corners_rows": 8,
        "square_size_meters": 0.025
    }
}