{
    "rms_error": 3.5390484475101727,
    "images_used": 11,
    "camera_matrix": [
        [
            461.49447270577565,
            0.0,
            286.5283313705204
        ],
        [
            0.0,
            505.5119304788032,
            288.3635752937504
        ],
        [
            0.0,
            0.0,
            1.0
        ]
    ],
    "distortion_coefficients": [
        [
            -0.15985923462872242,
            0.2958274349322969,
            0.12572666291334014,
            0.007692306095435139,
            -0.22267488258902854
        ]
    ],
    "board_config": {
        "inner_corners_cols": 5,
        "inner_corners_rows": 8,
        "square_size_meters": 0.025
    }
}